video_id,title,upload_date,keyword,text
iuATxzKjW0E,"Inceneritore a Terni, la Salvati spiega i motivi del no ad Acea",5 years ago,inceneritore,[Risate] questo impianto insiste nell'area della regione sulle condizioni della qualità dell'aria sono peggiori continuare a stabilizzare una situazione come quella esistente sarebbe non proprio dal punto di vista di un amico l'amministrazione che tende a migliorare queste condizioni possiamo aprire una turno tecnico che il nome politico assolutamente va beh mimmo pertanto conto dei dati mentali che sanitarie che già sopportato che rimane come stai [Risate]
YmameRqT_lo,"TERNI,  CASO ASM: CSS NELL'INCENERITORE DI TERNI",3 years ago,inceneritore,la società asm terni spa avanzato la proposta di tornare a bruciare nell'inceneritore di terni e il combustibile solido secondario prodotto dalla sezione della raccolta differenziata dei rifiuti solidi urbani è quanto reso noto nella seduta odierna della seconda commissione che aveva come oggetto l'audizione dei gestori degli impianti di trattamento dei rifiuti in merito al pnr r dell'umbria nell'intervento immediatamente successivo i rappresentanti di acea hanno affermato la loro disponibilità ad accogliere i rifiuti prodotti nell'inceneritore acea ambiente di terni anche in considerazione della richiesta di modifica dell'aia pendente dal 2014 per il nuovo combustibile secondo i consiglieri di opposizione sarebbe uscita allo scoperto l'indicazione politica della lega nei comuni di terni e regione dell'umbria in una nota thomas de luca fabio paparelli michele bettarelli e vincenzo bianconi per il movimento 5 stelle pd il gruppo misto puntano il dito contro la privatizzazione e la cessione del 49 per cento di quote di asm che porterebbe l'umbria ad un salto indietro di 25 anni quando la destra scrivono nella nota aprì la stagione dei tre inceneritori questa è e ciò che vogliono fare tramite la privatizzazione e tramite quindi i potenziali fare casa e bottega e riuscire definitivamente a bruciare monnezza dentro i genitori di terni questo è il loro unico obiettivo ora in commissione questo è quello che hanno detto poco fa
i-2wSOaCzaM,"Terni, incendio all'inceneritore ASM, in fiamme rifiuti",3 years ago,inceneritore,NA
kSlpN6u-WeU,"Terni, l'istanza Acea per rifiuti urbani inceneritore Maratta: «No del Comune. Spero sia vincolante»",5 years ago,inceneritore,questo impianto insiste nell'area della regione in cui le condizioni della qualità dell'aria sono peggiori di continuare e stabilizzare una situazione voi quella esistente sarebbe non proprio dal punto di vista di una mostra the un di un'amministrazione che tende a migliorare queste posizioni possiamo dire di no tecnico e non politico assolutamente uno tecnico mettendo a punto che tiene conto dei dati sia ambientali che sanitarie che già supportato per l'emanazione di quest'anno questo il parere negativo del libro spero che sia veramente il volante in chiesi renda conto delle motivazioni che sono state inserite all'interno del parere stesso sono motivazioni tecniche si basano su dati certi su studi pubblicati dai principali organi che si occupano sia dell'ambiente che della sanità ne ha parlato anche un eventuale parere positivo un argomento della tipologia di fiori ricercatore di maratta avrebbe portato a una stabilizzazione della fine del ciclo dei decreti un solo la stabilizzazione del ciclo dei rifiuti prima che venga rivisto il piano regionale dei rifiuti quindi un ragionamento è contrario rispetto a quello che si dovrebbe fare ma una stabilizzazione delle condizioni ambientali di questa città noi abbiamo bisogno che le condizioni ambientali di questa città migliorino e dobbiamo fluire rispetto a questi aspetti povere negativo scusare anche per evitare che vi vengono bruciati rifiuti non da roma perché detto il sindaco escluso stiamo fuori da ma di tutta l'umbria assolutamente rifiuti potrebbero provenire da tutta l'umbria perché come si è detto in conferenza di servizi la priorità è data anche se non è vincolante perché essendo ricevi speciali ancorché di proveniente urbana non hanno il vincolo di territorialità però che verranno se michael feriti risanamento di prima del dubbio e mai avete più volte specificato che sperate che questo parere negativo venga accolto e aggiungo io in primis dalla regione umbria e dalla nuova amministrazione certo dalla regione puglia e da noemi estradizione verdi o gli uffici tecnici tutti dovranno tener conto di quanto noi noi abbiamo riportato in questo parere e attendiamo anche di sapere che cosa gli altri enti anno si può meglio avviati siamo stati gli stessi
k57pia1u6WY,"Incendio inceneritore di Terni, impianto Asm, nessun pericolo",4 years ago,inceneritore,[Musica] un incendio divampato questa mattina ville terra ordinario di stoccaggio rifiuti della smi nella zona di maratta a terni le fiamme hanno coinvolto un capannone all'interno dell'area adiacente all'ex inceneritore provocando anche una densa colonna di fumo sul posto sono intervenute tre squadre cinque mezzi dei vigili del fuoco che sono riusciti ad evitare la propagazione del rogo ad altre strutture per cause in corso di accertamento le fiamme hanno riguardato dei nastri trasportatori dell'impianto di preselezione dei rifiuti ingenti danni ai macchinari del materiale oltre ai vigili del fuoco sul posto anche un nucleo nbcr sono intervenuti i carabinieri forestali polizia personale arpa e tecnici del comune con l'assessore salvate per l'arpa i risultati delle prime rilevazioni effettuate non hanno evidenziato situazioni di pericolo per la popolazione e l'ambiente
UAWM6U1pmWA,inceneritore terni acea m5s,10 years ago,inceneritore,acea emiliano a distanza di avvio della procedura a votare noi non crediamo che questo questa informazione in realtà anche se già in mano diciamo all'interno di palazzo spada non fosse già di dominio comune e quindi ci chiediamo se questa informazione pubblicata il giorno dopo i risultati del ballottaggio in realtà se fosse stata diffusa una settimana prima o addirittura possibile accusa un mese prima dei risultati e poi l'esito delle gare le elezioni amministrative a terni avrebbero avuto diciamo lo stesso risultato e avrebbero avuto con la chiarissima la vittoria la riconferma del sindaco uscente considerando anche il fatto che il consiglio di amministrazione
sI3XaKZkl2g,"Terni, ambiente e inceneritore: parla Catiuscia Marini",8 years ago,inceneritore,presidente crede di aver convinto i Ternani Ma io ho detto i provvedimenti che la regione ha fatto che sta facendo con molta chiarezza già nell'adeguamento del piano regionale dei rifiut del 2015 l'Umbria ha fatto una scelta di no alla termovalorizzazione lo sblocco Italia consentirà di fare accordi interregionali su cui stiamo lavorando per la chiusura del ciclo I comuni hanno un impegno diretto che devono iere come da delibera regionale di innalzare il più possibile la raccolta differenziata e di tendere a dei quantitativi che portino tutta l'Umbria ad una media del 65% il prima possibile Poi anche del 70-72 perché è fattibile ma insomma Diamoci le diverse tappe Il secondo è che hanno un compito i comuni col nuovo ambito regionale unico superiamo la frammentazione Bisogna che guidino la riorganizzazione delle loro società perché le società di gestione Molte sono pubbliche comunali Molte sono partecipate dai comuni e dobbiamo avere un sistema unitario dell'Umbria semplificato con un'impiantistica molto moderna che spinge anche di più e meglio al riciclo e al riuso c'è anche una parte di industria che è disponibile a fare investimenti in questo settore Quindi per perseguire una strategia di riduzione dei rifiuti o come Alcuni dicono i rifiuti Zero bisogna attuare anche un lavoro organico sistematico che il piano regionale dei rifiuti prevede e che mette a disposizione delle Amministrazioni comunali molti comuni dell'Umbria lo stanno facendo già con uno sforzo vero organizzativo gestionale Quindi è possibile farlo in tutta la regione e gli accordi interregionali ci permetteranno anche di chiudere il ciclo dei rifiuti senza dover ricorrere ad impianti di termovalorizzazione nel nostro territorio regionale non solo a Terni ma in tutta l'Umbria
-D4GReyxkN0,"Inceneritore Terni, Matteo Salvini, la Lega Nord è con i consiglieri regionali",7 years ago,inceneritore,continua il nostro presidio e soprattutto l'occupazione del consiglio regionale Perché quando si tratta di salute la lega non si tira indietro l'inceneritore di Terni deve essere messo in sicurezza e la regione deve dare una risposta seria per il problema rifiuti diciamo ai nostri consiglieri regionali resistete perché la lega è con voi e la gente va tutelata Grazie per quello che state facendo dentro il Palazzo perché da fuori mi arrivano anche via Facebook e via Twitter tante testimonianze di fiducia e solidarietà Grazie lega perché sulla salute non si scherza ci sono in ballo posti di lavoro c'è in ballo la salute di tanti figli e quindi che il governo che il PD Se ha tempo il PD dell'Umbria la governatrice dell'Umbria fra le primarie le secondarie le scissioni le contros scissioni i renziani i bersaniani i dalemiani si occupi un po' anche di Terni un po' anche di Umbria tenete duro finché potete Spero di arrivare anch'io personalmente per dare una risposta a cittadini che meritano risposta grazie
DsjQwIB7jGA,"Inceneritore Terni, Latini e l'istanza Acea: «Gli impianti si possono anche delocalizzare»",5 years ago,inceneritore,ritengo che i procedimenti o televisori che la nostra questo vale questo è il senso che dobbiamo valutare alcune cose perché si vuole di fatto stabilizzare una situazione di usura deciso di mourinho ci sono cui a mo di stare tra noi e loro saga possa arrivare perchè occupo di altro in questo momento perché stabilizziamo questa situazione per dare per chiusa in assenza [Applauso] dell'attuazione del piano regionale e in presenza di fatto la fisica in rivederlo questa è la prima la prima riflessione la seconda riflessione per essere utilizzato sempre 7 del mondo è proprio la lega dal punto di vista ambientale più critica della regione soltanto perché come sapete l'assessore cesaro cioè che questo è abbastanza chiaro qui credito e ad oggi quello esiste allora più che è autorizzato ad oggi questo possiamo fare poco ma ogni attivita ai nastri a una sala a una sua rapidità ha una sua storia se noi torniamo questi presupposti cambiamo anche la storia anzi cambiamo in futuro la prospettiva con questo essere comunque senza e sono oggi di può dire che venerdì ha 5 anni quando l'autorizzazione dovrà essere rivista non sarà più conveniente minimi di minuti che adesso esistono di certo società come potrà essere conveniente la legalità interamnia al servizio della mattel ha ragione per quanto riguarda lo smaltimento che dovessi come tanto dallo slogan ferire di sky che qualche modo contiamo che ci dobbiamo però non è un concetto di fatto corretto se inquadriamo al punto di vista ambientale e sanitario una missione un attimino più successo vediamo nell'immediato che abbia solamente niente massima di loro probabilmente leggermente in quelle gare a milano penso proprio che dobbiamo attaccarci resi tutte quelle che sono le suggerì di inquinanti quello perché quello che è allegato verificare quali sono gli impatti che si possono avere la strada mentre diego da stabilità che ha cercato di rimuovere qualche moto vorrei abbiamo autorizzato questo non vale però consenso e guardiamo le cose con una prospettiva abbiamo quali sono le necessità della regione quindi sto per dire degli studi che abbiamo come chiudere il sito di visioni una volta fatto questo andiamo a vedere voi ritrovati anche devono essere collocati certo è che dal mio punto di vista principale obiettivo è quello di recuperare quanto stupida i rifiuti più possibile perché così si perché sono le possibili forme interiore che io sono le scelte tattiche violente qualche poco bisogna lasciarli tre anni fa si vede benissimo così credo che la nostra un cane invece scusa per quello che sono le questioni le arti si quali cioè se militari bianchi ha ricordato per quello belletto perché la nostra finalità aumentare la differenziata più possibile e variabili sul resto il parere balerna essere la borsa italiana
gnYWGXklu4A,"Inceneritore di Terni, continuano le proteste in Consiglio Regionale",7 years ago,inceneritore,dall'aula consiliare all'ingresso di palazzo cesaroni dopo due giorni di occupazione movimento 5 stelle lega nord continuano a chiedere alla regione di fermare la riattivazione dell'impianto della società terni biomassa che porterebbe a 2 i camini fumanti nella conca cioè non possiamo dire che finché non ci sono dei dati acclamati si va avanti perché questo quando c'è la salute di mezzo non si può fare per i pen tassellati umbri la giunta marini potrebbe agire in autotutela per bloccare il rilascio dell'autorizzazione integrata ambientale diversa la linea della regione l'impianto aveva già tutti i permessi fino al 2019 adesso ne è stata chiesta la riconversione se cioè conformità alla legge la politica non può fare pressione sui tecnici non è che si può mettere in discussione impianti che ci sono dicendo secondo me fa male bisogna che ci sia appunto un'istruttoria che tiene conto della è una valutazione che tiene conto di dati certi e scientifici l'accusa alla presidente marini è di voler tirare dritto scaricando la responsabilità sui dirigenti le opposizioni sono pronte a proseguire a oltranza la protesta se non verrà prolungata la conferenza dei servizi in modo tale da acquisire ulteriori pareri tecnici e dare la possibilità di parola a tutti i sindaci dei comuni del ternano il procedimento però sarebbe già chiuso resterebbe quindi da attendere un sì o un no sulla riattivazione dell'impianto
pSob71fDWO0,"Terni, Fabio Neri su inceneritore ex Printer",10 years ago,inceneritore,no Quindi l'impianto Diciamo quindi la società la derni biomassa di do holding ha chiesto una autorizzazione che che Sostanzialmente è una chiamata Paz procedura abitativa semplificata che è in capo al comune di Terni noi riteniamo che questo impianto in realtà non debba e non possa passare attraverso questo tipo di iter autorizzativo bensì passare attraverso un altro iter autorizzativo in capo alla provincia autorizzazione unica e quindi l'apertura di di una conferenza di e quindi tempi ben più ampi No per arrivare poi a ad avere l'autorizzazione non solo pensiamo che debba passare per valutazione di impatto ambientale cosa che negli ultimi anni addietro non è stata fatta per proprio per questo impianto ma c'è una questione Dunque Noi abbiamo saputo già tempo fa lo dicemmo anche in qualche comunicato che dalla provincia che questo impianto non risultava nemmeno qualificato Che cosa significa un impianto viene qualificato impianto alimentato a fonti rinnovabili ifr per poter accedere poi successivamente al sistema di incentivi certificati verdi che sappiamo essere quella sostanzialmente come dire l'affare da un punto di vista economico per tutto il settore delle energie rinnovabili no Quindi il pagamento del kilowatt prodotto con prezzo maggiorato perché viene appunto proveniente da fonte rinnovabile Quindi da questa diciamo da questo elemento di conoscenza cioè della non qualificazione noi oggi azzardiamo un'ipotesi e cioè che sostanzialmente questo impianto per non pensare che non si è interessato proprio all'incentivazione diciamo la escludiamo in termini così generali per un investimento di di 8 milioni di euro Insomma quindi l'unica possibilità che oggi questo impianto ha Secondo noi da un punto di vista della norma normativa attuale è di essere stato qualificato a progetto Cioè che cosa significa nel 2011 printer fece una comunicazione di inizio lavori che è quella che è stata poi volturata da Tozzi e con la quale oggi Tozzi sta portando avanti i lavori Aion questa comunicazione di inizio lavori del 2011 e sarebbe quella alla base della quale esiste la possibilità di una qualificazione a progetto che prevede appunto un eer di 3 anni entro cui entrare in esercizio ora Siccome questa autorizzazione è stata fatta il 18 maggio del 2011 scadrebbe esattamente il 18 maggio del 2014 Cioè quindi ci ritroviamo sostanzialmente a ridosso di una possibile entrata in esercizio questo giustificherebbe la richiesta di procedura abilitativa semplificata che ha un eer
tBaIjMm9W_A,Terni: Manifestazione No Inceneritore,10 years ago,inceneritore,NA
N4S3VrjZq44,inceneritore terni Giacchetti,9 years ago,inceneritore,l'impianto di incenerimento di terni il comune ribadisce la propria posizione fermamente negativa a ogni forma di incenerimento e domani in questa nostra posizione troverà attraverso un parere del sindaco una sua giusta collocazione all'interno del dibattito amministrativo questa nostra posizione ha pure l'obiettivo di condizionare positivamente l'azione della regione umbria che in sede di conferenza stato regioni dovrà fare a valere questa posizione del comune di terni anche per scongiurare i rischi di provenienza di rifiuti da incenerire da fuori regione e quindi siamo sicuri che aiuterà anche appunto la posizione della presidente marini e renderà più forte del segnale che da domani partirà da termine quello del comune di terni e un parere vincolante assis è un parere vincolante qualsiasi parere riente altri 40 lontano dalla conferenza
e-oAbWoquwA,"Inceneritore di Terni, M5s: «Il Comune sapeva, Corridore si dimetta»",11 months ago,inceneritore,[Musica] fumi dall'impianto bioter non si capisce se ci sono le autorizzazioni o meno Se c'è la volontà di riaccendere l'impianto oppure no rassicurazioni che arrivano dal comune che cosa rivela oggi il MoVimento 5 Stelle il comune sapeva tutto sapeva tutto da mesi almeno da luglio da fine giugno di questo anno non solo nel momento in cui hanno fatto quella sceneggiata e si sono presentati diciamo all'impianto il giorno prima avevano convocato la riunione con regione con gli enti e con sul le richieste dell'azienda l'azienda aveva regolarmente richiesto e Comunicato le attività di soffiatura e aveva specificato e comunicato già già a luglio ma ribadito anche a fine dicembre che tali attività erano finalizzate attività preliminari all'avviamento della centrale attività Eccolo qua valutazioni tecniche sulle componenti dell'impianto necessaria alla Re attivazione dello stesso quindi si parla di oltretutto incontri informali riunioni attesta all'interno degli atti ufficiali che sono avvenuti durante questi mesi ora mi chiedo dopo tutte le fese Dopo tutte le la dialettica che c'è stata io credo che l'unica cosa che possa fare in questo momento il vicesindaco corridore è quella prima ovviamente di chiedere scusa e poi di mettersi [Musica] immediatamente
-0dLeqccyYc,"Inceneritore a Terni, l'assessore Morroni sulle richieste di Acea",5 years ago,inceneritore,[Risate] ma c'è un iter in corso come lei ben sa ci sono già stati dei pronunciamenti da parte delle istituzioni 0 dal comune di terni e dopo le in armi dall'unità sanitaria locale la giunta regionale si avvarrà come previsto praticati nell'ambito del processo di via del del parere del più vizio del comitato tecnico e quindi vedremo quelle che saranno le valutazioni che verranno sottoposte alla nostra attenzione sulla base di quelle prenderemo la nostra decisione [Risate]
CbhsvaF-drg,"Inceneritore Terni, Lega Nord e M5s occupano consiglio regionale",7 years ago,inceneritore,occupazione simbolica dell'aula consiliare di palazzo cesaroni oggi pomeriggio da parte dei due consiglieri del movimento 5 stelle andrea liberati e maria grazia carbonari e dei due esponenti della lega nord emanuele fiorini e valerio mancini presenti in aula anche claudio ricci l'iniziativa ha avviato dopo la fine della seduta odierna era stata più volte paventata da liberati nei suoi interventi in aula sulla questione degli inceneritori di terni riguardo alla quale il suo gruppo aveva presentato questa mattina prima della riunione una mozione urgente il capigruppo avevano deciso di rinviare la trattazione alla seduta di martedì prossimo più volte invece liberati anche fiorini ne avevano continuato a chiedere la trattazione immediata o comunque con pronunciamento della giunta non essendo arrivata alcun intervento dai banchi dell'esecutivo m5s lega hanno deciso di occupare l'aula
jqKOOOmkJhw,"Incendio all’inceneritore di Terni, fiamme a Maratta, impianto Asm",4 years ago,inceneritore,NA
5FjKm5omgtQ,INCENERITORE BIOTER A TERNI: LE ACCUSE DEL MOVIMENTO 5 STELLE ALLA GIUNTA COMUNALE,11 months ago,inceneritore,un vero e proprio jacus il consigliere regionale del MoVimento 5 Stelle Thomas De Luca nei confronti dell'amministrazione comunale di Terni nel corso della conferenza stampa che si è tenuta nella sala consiliare di Palazzo Spada in merito alla questione dell'impianto bioter il cosiddetto secondo inceneritore di Terni riferimenti precisi analizzati nel corso della conferenza stampa comprese alcune date come quella del 12 gennaio giorno in cui il comune ha convocato un tavolo tecnico sull'argomento il Comune Quindi sapeva tutto già da mesi ha affermato De Luca a proposito della volontà dell'azienda di riavviare l'impianto e gli interventi in atto di Luca parla di atti ufficiali che sono stati acquisiti da cui emerge chiaramente che il comune di Terni era a conoscenza delle vicende dell'inceneritore e nonostante questo ha tenuto all'oscuro la città de Luca fa anche riferimento allo scorso 13 gennaio quando è stato segnalato con un comunicato quanto osservato spiega De Luca da tanti cittadini ovvero l'emissione di fumi dall'impianto l'amministrazione comunale ha reagito con sgomento e stupore accusando ricorda il consigliere regionale Penta stellato di aver causato un allarme sociale di aver affermato falsità il 12 gennaio quindi il giorno prima il comune aveva già convocato un tavolo tecnico con la Regione per analizzare le comunicazioni giunte dall'azienda
fK4A-Sl1-W4,"Terni, inceneritore: «È ora di dire basta»",8 years ago,inceneritore,Ora noi crediamo che in primo luogo debba essere questa discussione debba essere portata all'interno della conferenza dei servizi di di printer e non debbano essere rilasciate le autorizzazioni che in ogni caso venga fatta una revisione delle autorizzazioni esistenti quindi a prescindere dall'aia e quindi vengano revocate le autorizzazioni esistenti e che in virtù di questo Ci si ponga delle domande Ci si ponga delle domande sul fatto che di fronte a segnalazioni fatte dai cittadini l'attivazione degli organi competenti ha portato al riscontro di queste anomalie noi ci chiediamo Che cosa è stato fatto fino ad oggi per anni nel controllo di questi impianti e soprattutto ci chiediamo se questi controlli vengano effettuati anche nell'altro inceneritore quello di Ar spa
YMWp8NzSjg0,"Inceneritore, da Roma l’invito ad Acea di cambiare idea su Terni",7 years ago,inceneritore,importanti novità arrivano dalla capitale su temi quali lo smaltimento dei rifiuti solidi urbani presso l'impianto del nano di acea stamattina nell'aula del consiglio comunale di terni rappresentanti locali e regionali del movimento 5 stelle affiancati dai colleghi consiglieri comunali di roma hanno illustrato i contenuti della mozione presentata dai penn tassellati approvata dalla stessa capitolina relativa alla partecipata scena con i soli voti della maggioranza la mozione impegna la giunta del comune di roma a promuovere l'adozione da parte della partecipata c'è ambiente nel rispetto dei ruoli dell'autonomia dei soggetti di politiche di esercizio dell'attività di gestione dei rifiuti diverse dallo smaltimento mediante incenerimento e quindi con modalità diverse da quella cui a funzionare l'istanza formulata da chen ambiente srl titolava estensione tipologie di rifiuti non pericolosi da avviare a recupero energetico per l'impianto di termovalorizzazione sito interni località maratta bassa è un segnale politico importante che è un cambio di rotta nel rispetto al passato credo che sia un passaggio assolutamente importante e giusto da fare le prossime mosse spetteranno alla giunta romana chiamata determinare nel merito così come sempre nel merito dovrà esprimersi anche la conferenza dei servizi
frDawX9AtV8,La generazione operaia alle acciaierie di Terni,7 years ago,acciaieria,qui di fronte a noi abbiamo il laminatoio verticale a mio nonno lavorava nell'area caldo principalmente che è l'area in realtà più vecchia mio nonno era figlio dimezzati e quindi non era stato l'ingresso in fabbrica non era stata solo un emancipazione di carattere economico ma allora stato soprattutto di carattere culturale di consapevolezza oggi mi è capitato di intercettare confrontandomi con appunto operai della mia età che non hanno un'ideologia politica di riferimento è che il lavoro in fabbrica e ha visto in qualche modo come quasi una scorciatoia cioè un modo di accedere a un posto sicuro con garanzie salariali ai tempi era dal punto di vista occupazionale un riferimento sicuro ma è anche vero che si studiava meno chi si laurea che fa un dottorato in qualche modo spera di non lavorare in fabbrica spera di lavorare in un altro contesto questo è sicuro quanto meno 90 per cento dei miei amici e prima compagni scuole superiori piuttosto che compagni quali dell'università che nascendo a terni per poter fare il lavoro che desideravano fare donne hanno dovuto spostarsi in questi [Musica] padre a un lavoratore di questo di questo stabilimento era entrare è entrato nel 68 io sono entrato nel 1998 credo che sia cambiata radicalmente è cambiata sia dal punto di vista produttivo è cambiato anche la modalità di approccio che i lavoratori hanno secondo me c'è una generazione completamente nuova i lavoratori che fanno parte di questo sito siderurgico rispecchiano quello che è insomma la società attuale di oggi una società che sicuramente rispetto a quella che era nel passato non dico che vittima ma subisce quella che è la crisi di un sistema istituzionale di rappresentanza non è più solo la città dell'acciaio non lo è abbastanza però la tonalità della città rimane quella della sua cultura operaia nonostante un po la presa di distanza dalle molte le molte persone nuove generazioni da questa da questa tradizione da una parte rappresenta una una possibile rifugio di garanzia dall'altro rappresenta una sconfitta rappresenta per molti il passato un senso di qualcosa di antico qualcosa di vecchio qualcosa che per altri invece rappresenta la stragrande modernità si muove su questo dilemma no se è una certezza se una sconfitta se il passato se il futuro qui ci troviamo al circolo lavoratori terni il circolo più grande della regione umbria è un circolo storico in circolo dei dipendenti della cei speciali terni i soci si avvicinano a circa 8 mila e sono una platea ampia che va dai dipendenti attualmente in servizio il personale in quiescenza e ai terzi che non hanno mai magari lavorato all'interno dell'azienda ma che colgono l'opportunità per godere dei servizi che un circolo circolo lavoratori terni può offrire [Musica] io sono stato operaio al 3 anno a freddo vecchio pna e lì ho visto tutta l'evoluzione dell'azienda io credo che la terni rappresenti lo sviluppo della città tutte le nostre famiglie hanno vissuto per merito della società a terni noi io personalmente ci hanno dato una famiglia con quello della terni matato no ma come me la stragrande maggioranza dei ternani non faccio un lavoro nobile come gli operai che acciaio e danno lustro alla città la qualità del loro prodotto però mi sento pienamente parte di acciai speciali terni nonostante non sia dentro la fabbrica dei miei amici ce ne sono diversi che lavorano in acciaieria quelli che non hanno scelto di lavorare acciaieria qualcuno è andato via io per esempio un mio fratello che vive a parigi sono un architetto un grande amico mio adesso lavora a new york ci sono amici che lavorano acciaierie non credo che uno sia meglio dell'altro ognuno ha seguito la sua strada livello di fabbrica acciaieria non con sincero da quando ho finito la scuola subito preso il ramo del sociale quindi diciamo che è una realtà un po distaccato dalla mia avendo vissuto da vicino perché mio padre un operaio questa realtà che forse non non mi ha così ispirato chissà come si tratta di fare turni stati rinchiusi in fabbrica mio padre lavora all'interno del magazzino e come operaio e fa il delegato sindacale cioè almeno io vorrei ambire a qualcosa di più vorrei prendere l'università per poi andare a fare scienze umane e psicologia o papà prima c'era nonno quelli sì assolutamente una famiglia di operai vedendo la vita che fa papa preferisco quella dall'allenatrice dovrà turni le notti primo secondo quindi sempre il lavoro torno a casa a dormire si sveglia lavoro e poi tempo per noi [Musica] sono ha poco tempo per noi dice la ragazza comunque avete visto è una città un po sospesa tra passato e futuro ma qual è il rapporto dei giovani con il sindacato no da questa domanda partiremo subito dopo la pubblicità [Musica]
zstDarQPHok,Visita alle Acciaierie di Terni,5 years ago,acciaieria,il vicepresidente del parlamento europeo david sassoli ha visitato last di terni l'onorevole ha ribadito il suo impegno per difendere questa eccellenza italiana ed europea dobbiamo difendere il lavoro italiano ha sottolineato dobbiamo difenderlo anche dalla concorrenza sleale che arriva da alcuni paesi del sud est asiatico in particolare dall indonesia una fabbrica di alta qualità fabbrica del lavoro italiano che messa in discussione da processi globali anche scorretti e questo naturalmente noi non possiamo permetterlo dobbiamo difendere il lavoro italiano dobbiamo fare in modo che la concorrenza sia leale perché ci sono dei giganti che producono troppo senza regole che producono concorrenza sleale dobbiamo avere un'azione italiana ma anche europea molto più forte a difesa del lavoro e soprattutto di produzioni che in qualche modo devono essere protette dall'invasione della grande quantità che vengono che viene prodotta nei paesi asiatici dopo fare l'italia e lo deve fare l'europa però se l'italia non si muove il governo italiano ci mette tenacia e impegno qui la situazione può diventare grave tal proposito e le imminenti elezioni europee che possono dirci o che ci diranno è che abbiamo bisogno dell'europa per difendere anche il lavoro italiano l'italia si difende meglio con l'europa da sola probabilmente non ce la potrebbe fare bisogna tutelare l'acciaio ha aggiunto il vice presidente che è un asset strategico del nostro paese dobbiamo combattere il basso costo acciaio è un punto di forza del di tutti i nostri prodotti di gran parte delle nostre produzioni quindi abbiamo bisogno di difenderlo e qui c'è una cultura tra l'altro del lavoro importante che rispetta anche standard ambientali che si è fatta carico di processi di sicurezza importanti possiamo permettere che il basso costo travolga la qualità italiana o abbiamo presentato un'interrogazione urgente c'è una questione proprio degli acciai speciali di terni in relazione al mercato indonesiano e noi ci aspettiamo che quei paletti che non vennero messi perché l'indonesia era un paese in via di sviluppo beh in questo momento sull'acciaio non reggono più abbiamo bisogno di un rapporto paritario perché la loro produzione era superato il 30 per cento della produzione mondiale di acciaio inossidabile e questo vuol dire che non è più un paese in via di sviluppo è un paese che è concorrenziale con il no con il nostro mercato nella visita a cui ha partecipato tra gli altri anche il già vicepresidente della camera marina sereni l'onorevole sassoli è stato accompagnato dal direttore di produzione dimitri menecali da quello delle relazioni esterne di acciai speciali terni tullio camiglieri e da fabio di gioia del servizio res
Pj1MSO0U1bA,Terni d'acciaio,10 years ago,acciaieria,"la fiamma di terni hard nella ballerina ma conca verde bagnata dalla cascata delle marmore una fiamma che lavorate in braccia ajo da più di un secolo e alimenta una città in cui natura industria si fondono insieme qui nascono le acciaierie di terni 1.500 chilometri quadrati di superficie 37 chilometri di binari interni un milione e mezzo di tonnellate di acciaio ogni anno noi siamo conosciuti nel mondo come come la terni quindi proprio c'è un rapporto simbiotico con la città che va oltre a tutta una serie di considerazioni il bisogno di un'industria siderurgica tutta italiana nacque nel 1884 lo scopo era quello di fabbricare le corazze per le navi della marina fu scelta terni per sfruttare il bacino idrico della zona e per l'equidistanza dal tirreno e dell'adriatico che la riparata dai bombardamenti delle flotte nemiche una posizione ai tempi strategica che non impedì durante la seconda guerra mondiale la distruzione della città dopo i raid aerei alleati e tedeschi l'acciaieria di terni nasce insieme ad altre industrie ternane con l'industrializzazione italiana che non c'è dubbio che portare una fabbrica in una cittadina che era poco più di una stazione di posta ri centro di un comprensorio prevalentemente agricolo spalmato sulla via flaminia da duemila anni ha fatto sì che per almeno un secolo terni che la terni fossero tutt'uno alle acciaierie ritornate in mano ai tedeschi che la thyssen krupp dopo la mancata vendita e si rende subito conto lavorano a 2.800 persone che con l'indotto diventano 4.000 malgrado un fatturato da 2,3 miliardi di euro e ne fa la prima azienda nel centro italia il peso della crisi si sente anche quindi è una crisi profonda che parte da lontano e chiaramente noi e noi ci siamo dentro il mercato è altamente globalizzato e quindi quello che ci viene richiesto è sempre diciamo un miglioramento della nostra efficienza ed un recupero di competitività ieri ci confrontavamo con un altro produttore europeo dove più o meno i costi di fabbricazione del prodotto erano analoghi oggi i nostri concorrenti e più importanti sono produttori asiatici non conta tanto chi è il padrone l'importante è che il padrone sia interessato a farla produrre al meglio a investirci a renderla competitiva sul versante del mercato globale acciaio dunque ma non solo la disoccupazione a terne secondo gli ultimi dati istat è dell 8,6 per cento un punto in meno della media nazionale e quasi 2 rispetto a perugia il segreto di questa relativa tenuta e all'integrazione tra lavoro e apprendistato per trovare la scintilla delle fortunate le foto la benzina questi ragazzi fanno parte dei 200 futuri estetiste operai specializzati che hanno lasciato gli studi tradizionali e frequentano il centro di formazione professionale della provincia è in viaggio per essere vista e insegna tanto mi piace andò in moto una persona si deve curare poi ho scelto questa formazione perché più pratico e capisci molto meglio con la pratica che io almeno capisco molto meglio quella pratica e colorare gli anni passati ovviamente le famiglie in versione più su un percorso classico tradizionale adesso sono molto sensibile perché questi ragazzi imparino un mestiere siano collocati nel mondo del lavoro e magari a 18 anni possono iniziare a portare anche qualche qualche soldo a casa più della metà trova lavoro entro 6 mesi e molti entrano nelle acciaierie con cui il centro ha un legame molto solido abbiamo qua dentro un laboratorio di saldatura che sicuramente tra i più attrezzati nell'unghia tanto che facciamo e gozzi e per l'asse il saldatore che formano dieci anni fa è completamente diverso rispetto a quello che formiamo adesso oltre i luoghi del lavoro c'è una città dove si vive bene lo dicono le classifiche del sole 24 ore dove terni ha superato perugia in molti settori e lo confermano i cittadini e credo che la qualità della vita sia buona posto che c'è molto su cui lavorare da una cittadina dove si vive bene alla fine però ti devi creare da solo il tuo futuro io trovo bene poi quel landry non lo so fa il futuro di terni sembrerebbe essere solido come l'acciaio su cui ha fondato la sua identità"
tKu_XApKoRc,Fuori le mura: CAP IV _ Acciaierie di Terni,7 years ago,acciaieria,[Musica] [Musica] [Musica] [Musica] terni fondamentalmente come città si regge su questo stabilimento dà lavoro a 2.500 persone più tutto l'indotto più tutte le ditte esterne che lavorano sia internamente che fanno lavorazioni esterne quindi questa diciamo per la città e per buona parte della regione è una buona ma diciamo su tutti i dintorni il sostentamento per la maggior parte delle famiglie insomma produciamo l'acciaio sì diciamo appunto dal rottame alla fusione al coraggio e sinan in azione era per me un processo nuovo in quanto ogni ora un'entità completa è diversa perché appunto mila fa ce la facevo le si sta passando anche per il calciatore mi sono ritrovato mi sono ritrovato club e le esigenze diciamo lavorative [Musica] comunque quando ti alzi la mattina alle 5 quando devi fare la notte sono orari che non sei abituato a fare però poi dopo un po di abitui e poi diventa una routine normale dei turni diciamo apprezzi la il tempo libero che ti lasciano perché se da una parte ai lavori il sabato la domenica la notte i festivi dall'altra parte è molto tempo libero anche per stavo la famiglia in una settimana puoi avere la mattina impegnata il pomeriggio libero o addirittura alla notte impegnata e l'intero pomeriggio ovunque sia libero quando la mattina almeno un po di riposo ci vuole io non venendo dalla merda ecco la media diciamo che ecco quando facciamo il primo turno svegliare le quattro e mezza e abbastanza tosta però settore anche perché a casa un bimbo [Musica] quando riguarda per ora il contratto allungato fino a giugno però spero di fare come si sa che sia un lavoro futuro anche perché a parte va bene l'ambiente occupa c è normale cia polvere ma siamo giovani dobbiamo sporcarci le mani dobbiamo parlare la vetta ma nel complesso mi trovo no [Musica] [Musica] [Musica] [Musica]
OFyuubHzGzs,Le acciaierie di Terni tornano italiane con il gruppo Arvedi,3 years ago,acciaieria,NA
8JHU1hdpDMs,"Forte boato alle acciaierie di Terni, il video",7 years ago,acciaieria,[Musica] un forte boato legato a un'esplosione avvenuta all'interno della shariah è stato il partito in gran parte della città di terni avvenuto oggi pomeriggio intorno alle ore 16 nei pressi del forno numero 4 degli impianti di viale brin una serie era piena di acciaio fuso che è coperta con un sacco né di terra parzialmente guida è esplosa liberando una nube di polvere visibile anche all'esterno dello stabilimento fortunatamente non si registrano né feriti né danni
HvjbTPvl51Q,"Acciaierie di Terni, lettera del presidente Giovanni Arvedi ai dipendenti",2 years ago,acciaieria,dopo le ultime firme a essen ha sede della multinazionale thyssen krupp i vertici del gruppo arvedi saranno il 2 febbraio a terni per gli incontri con i sindacati e le rsu di a st le storiche acciaierie ombre che passano a gruppo cremonese a gestire gli incontri giampietro castano già responsabile dell'unità gestione vertenze delle imprese in crisi per conto del mise e ora consulente del gruppo arvedi venditori e acquirenti hanno di comune accordo deciso di non divulgare i dettagli finanziari della transazione ma sembra che complessivamente fra acquisizione e successivi investimenti previsti per a st la cifra messa sul piatto dal gruppo arvedi si aggirerebbe intorno al miliardo di euro thyssen krupp e resterà in società con il 15 per cento per rafforzare la cooperazione operativa già esistente con arvedi il nuovo presidente di st giovanni arvedi ha inviato una lettera al personale in cui esprime sincera emozione grande motivazione e spirito di servizio nei miei oltre sessant'anni di carriera imprenditoriale iniziata da un prato verde in una zona depressa della provincia di cremona scrivere vedi ho sempre cercato di servire le aziende che ho fondato e condotto con il supporto di preziosi collaboratori e straordinari dipendenti affinché potessero crescere e svilupparsi generare lavoro bene prezioso che conferisce dignità alla persona il nuovo amministratore delegato sarà mario arvedi caldonazzo smentite dunque le voci che indicavano la conferma alla guida operativa di terni come amministratore delegato ha tempo di massimiliano borelli che invece resterà come consulente il ministro dello sviluppo economico giorgetti si dice soddisfatto l'accordo rappresenta un tassello importante per il polo siderurgico italiano un progetto che il governo sta monitorando e seguendo fin dall'inizio con attenzione e discrezione per dimensione dell'operazione una delle più importanti in ambito siderurgico e si aprono ora nuove sfide come dice stefano ferrari di siderweb ospite della trasmissione sviluppo e territorio dal punto di vista dei prodotti arvedi ha una divisione del chelsea da bill e con l'acquisto della cei speciali terni completa la figlia il gruppo arvedi e speciali terni hanno due mercati molto complementari cioè la decisione ossidabili del gruppo piedi esporta circa l'ottanta per cento della propria produzione mentre cioè speciali terni esporta circa il 35 per cento quindi sono due realtà che insistono su territori e complementari elemento importante per il gruppo re medie che diventa uno dei fedeli e principali del settore dell'acciaio si danno in europa diventando praticamente il quarto produttore europeo e ciaio è inossidabile
p5ClfgvcrY4,"Ast Terni, Thyssen vende acciaierie ad Arvedi: parlano lavoratori e sindacalisti",3 years ago,acciaieria,[Musica] ma allora intanto la notizia diciamo nella vendita era era nota ancora non si conosceva diciamo ufficialmente la firenze ieri hanno criminalizzato con erbe di thyssen e dice che è la miglior possibilità diciamo in questo in questo momento noi come organizzazione sindacale però abbiamo un gap sull'informazione in quanto non conosciamo il piano industriale dunque sarà nostro compito ora attivare tutti i tavoli possibili per conoscere nel dettaglio il piano industriale che sia un piano industriale di sviluppo gli investimenti che mantenga i livelli occupazionali sia di diretti che indiretti l'indotto perché anche qui in questo frangente il 30 settembre per scadere diciamo per quanto riguarda i sociali dei contratti di somministrazione 17 bè scadono la partita dei famosi licenziamento collezione quanto riguarda gli impiegati che noi ci aspettiamo che ci sia anche la stabilizzazione dei degli interinali che sono dentro questa fabbrica somma circa 130 interinali e stanno scadendo anche parecchi appalti e dell'indotto e dunque abbiamo insomma molti impegni da qui a che non si concluda esclusi e stato calendarizzato per gennaio 2022 speravo che sia la volta buona se è vero che anche ieri ha potenziale il meglio che niente sperando che fa investimenti fa tutto quello che serve per dell'acciaieria io stare anche se nella sezione giovani per bancarotta spero vecchie rimane allora diciamo che abbiamo appreso dagli organi di stampa ma nel contesto nel momento comunque che era una riunione in colle con i segretari provinciali e l'amministratore burelli cosa che comunque un po ha dato fastidio nel senso che i comuni ma la situazione di questa vendita e di tutto quello che poi porterà insomma quindi piano industriale e le varie situazioni all'interno del sito un po un po preoccupano perché vorremmo essere comunque protagonisti e soprattutto nelle scelte del piano industriale delle dei volumi produttivi le situazioni all'interno dei reparti sicuramente un'attenzione molto ampia per l'ambiente e per tutto quello che concerne insomma i lavoratori all'inter del sito e del dei centri servizi del tubificio quindi speriamo e ci auguriamo che nei prossimi giorni anche la parte sindacale venga coinvolta in maniera attiva mi auguro per lo meno insomma al ministero e perché comunque abbiamo in ancora da aprile estate incontro sia in regione presto possano comunque coinvolgerci in maniera attiva a proposito di recupero dei rapporti come possono questi cambiare visto che si passa da una multinazionale ad un'azienda italiana allora io nella mia piccola esperienza ho sempre vissuto con thyssen krupp e sono entrato vera quindi si occupa oggi tornare comunque con un proprietario italiano che nella sua aziende comunque ha investito in tecnologia e ambiente e da quelle informazioni che in questi giorni insomma siamo vedendo e stiamo valutando è una persona che comunque sta investendo molto sulla sicurezza sul sull'ambiente tutte cose che comunque abbiamo portato è cercato di portare insieme all'azienda mar intendo anche le signore dobbiamo vedere il futuro importante è il lato economico il lavoro ancora sì ma allora io io credo innanzitutto la notizia arrivata ieri non ci ha volto a noi addetti ai lavori in contropiede noi chiamavamo in tutto in testa questa possibilità è soprattutto il nome era quasi scontato però credo che fondamentale sarà prima di tutto un sapere l'inizio non ama questa questa soluzione seconda cosa io ricordo perfettamente nel 2014 quando tutti andavamo a dormire che eravamo comunque la mattina ci svegliamo di nuovo team e quindi è fondamentale attendere questo passaggio tecnico che e estremamente importante preoccupazioni ci sono è chiaro quello che noi vogliamo garantire è sicuramente la produzione e l'occupazione sia diretta che indiretta ovviamente perché vale anche per le società di appalto in quant'altro e la garanzia della della produzione e soprattutto fondamentale cosa che diciamo da tempo che non ci sia ma in prospettiva l'ipotesi di uno spacchettamento quindi l'integrità del sito è assolutamente fondamentale presto che rimpasto obbligatorio anche per i dipendenti privati favorevole o contrario ma il giudizio purtroppo del sottoscritto e relativo lo stato preso una decisione di conseguenza ha parlato con i sindacati i quali hanno avallato questo tipo di di percorso e chiaro che le persone che hanno paura di fare il vaccino perché io parlo delle persone che hanno paura io non credo che ci sono persone che le persone che forse hanno avuto poca informazione che forse hanno paura di questa tipologia di vaccino sono state messe davanti a un muro e quindi si devono vaccinare perché non credo che sia sostenibile 15 euro di lampone ogni 48 ore per le persone [Musica]
XkeQKlNX6bc,La nostra storia: oltre 130 anni di Acciai Speciali Terni,8 years ago,acciaieria,[Musica] [Musica] [Applauso] [Musica] siamo negli stabilimenti di papigno della fermi dove si produce la calza salani ed ecco come si fabbricano i principali concimi azotati [Musica] [Musica] [Musica] la decisione di affidare alla terni le lavorazioni speciali e di qualità nel contesto di un vasto piano di razionalizzazione e ammodernamento della siderurgia italiana si è tradotta in un investimento di oltre 100 miliardi gli ha dato vita a terni all'attività di un centro siderurgico altamente specializzato capace di competere nell'area del match coi più importanti complessi europei fattore decisivo per lo sviluppo economico e per il progresso civile della nazione italiana [Musica]
8cLT69qKGJY,Acciaieria di Terni - il vescovo celebra in fabbrica in preparazione al Natale,6 years ago,acciaieria,[Musica] [Musica] [Applauso] [Musica] con gioiosi canti lodatelo per [Musica] no [Musica] no una pazzia è una celebrazione insolita questo è un luogo di lavoro di relazioni ma è proprio in questo luogo che oggi vogliamo che il signore torni ad essere presente a far sentire la sua presenza benedicente a far sentire il suo messaggio di gioia e di pace per tutti noi [Musica] no ecco [Musica] comunque sopra fonda il nostro comune e vettel e sangue di questi cuori sensibili nella santità davanti il padre nostro all venuto siamo qui per cercare di comprenderlo e per prepararci ad essa in questo luogo di lavoro dove si svolge una gran parte della vostra vita siamo mossi non solo dalla necessità ma riconosciamo anche un progetto che ha affidato ad ognuno dal signore per realizzare voi stessi e per contribuire al benessere e al progresso della nostra società in questo appuntamento annuale ognuno è invitato a chiedersi con quale spirito vive questa missione certo c'è tanta fatica tanto sudore a volte in sofferenza il figlio di dio si è fatto uomo ha voluto e di stesso provare la fatica e il sudore e insegnarci a viverla con dignità come missione da compiere maestranze imprenditori proprietari dirigenza sono tutti coinvolti attraverso la missione del lavoro ad accogliere ea preparare l'incontro con il signore nella verita nella giustizia nella correttezza dei rapporti quelli personali quelli aziendali e quelli sociali noi ci giochiamo il valore e il destino della nostra esistenza e anche delle persone che ci sono state affidate la nostra preghiera la condivisione del medesimo destino l'incontro con il signore in preparazione al natale la nostra presenza qui sta ad indicare la volontà comune di vivere secondo giustizia nell'accoglienza reciproca e del signore che viene gli auguri di buon natale l'allestimento del presepe e dell'albero delle luminarie avranno senso se vivremo con intensità e nella giustizia le nostre relazioni e le scelte fondamentali della nostra vita le stesse che gesù cristo ha voluto sperimentare nel primo natale e ci ha insegnato a vivere in attesa della suola si no proteste sono attesi delle persone a maturare del secondo sì ci vediamo [Musica] l'inno di benedizione ti rode padre onnipotente principio e fine di tutte le porteranno ieri nuovi ora nella seconda volta il bilancio di acciai speciali terni si chiude con numeri importanti che raccontano più di ogni parola la crescita dell'azienda l'utile passato dagli 87 milioni dello scorso anno ai 98 milioni di questo appena concluso un risultato che conferma come la strategia intrapresa sia quella giusta che riposizionamento di ast sul mercato globale sta portando i suoi frutti e che l'azienda opera in relativa serenità questo è accaduto nonostante il 2018 sia stato per tutto il mercato siderurgico un anno particolarmente complesso a partire dall'introduzione dei dati statunitensi sull'acciaio proveniente dall'asia che ha esposto l'europa a rischio di divenire luogo di approdo per milioni di tonnellate di prodotto asiatico che non prova più sbocchi sul mercato del nord america un rischio serio che si aggiunge ad un altro pericolo che grava su un'industria siderurgica italiana il prezzo dell'energia
1-LyAM2Eca0,Terni e la difesa della sua acciaieria,12 years ago,acciaieria,NA
_KOCjSbpTlo,Terni: sciopero di otto ore dei metalmeccanici delle acciaierie,10 years ago,acciaieria,la città di terni oggi si è fermata per dire no al piano che c'è stato presentato da thyssen krupp acciai speciali terni al ministero dello sviluppo economico un piano che prevede solo tagli e non prevede invece risorse per lo sviluppo risorse per la ricerca risorse per l'innovazione la reazione della città di terni di fronte al nuovo piano industriale thyssen per le acciaierie ombre è stata immediata e ha coinvolto secondo i sindacati la totalità dei lavoratori la multinazionale tedesca indica il taglio di 550 dipendenti la chiusura di uno dei due forni di fusione è una riduzione complessiva di costi di oltre 100 milioni di euro l'anno come la via per un rilancio sostenibile dell'azienda ma lavoratori e istituzioni locali e regionali non sono dello stesso avviso queste le ricadute negative in termini di occupazione anche per l'indotto oltre che per l'intero comparto siderurgico nazionale la chiesa di terni parla di conseguenze umane e sociali dolorosissime per la comunità il vescovo monsignor giuseppe piemontese in vita la proprietà riconsiderare il piano insieme alle parti sociali con la prospettiva di un rilancio degli stabilimenti il piano oltre a essere accettabile anche diciamo falso perché prevede un milione di tonnellate anno di produzione con un solo forno che è praticamente impossibile e prevede l'azzeramento dei contratti di secondo livello con un ulteriore taglio anche dei salari fissi ci deve dire se il cuore dell'azienda rimane a terni oppure se verrà allontanato e in germania
lGsFAPCMcMg,Terni Ast:Marea di gente alla manifestazione per l'acciaieria,10 years ago,acciaieria,NA
l_ByJxgAlVk,L'omaggio del Tg2 alle Acciaierie di Terni che sono state anche set di film come La caduta degli dei,1 year ago,acciaieria,140 anni fa nasceva così denominata la società degli alti forni fonderie ed Acciaierie di Terni la prima grande industria siderurgica italiana con tecnologia E per quel tempo avanzatissime un tuffo nella storia dell'Industria italiana un luogo affascinante dove sono stati ambientati tanti film La Caduta degli Dei del maestro del cinema Luchino Visconti attraverso le vicende di una famiglia di industriali dell'acciaio racconta il periodo più Fosco della Germania L'ascesa di Hitler e l'avvento del nazismo e poi La Califfa Opera Prima dietro la telecamera di Alberto Bevilacqua protagonista una splendente Romy Schneider nei panni della vedova di un operaio ucciso dalla Polizia durante uno sciopero negli anni sessanta e prima nel 1933 acciaio drammatica storia d'amore e riscatto del tedesco Walter ruthman unico film a poter vantare la prestigiosa sceneggiatura del premio Nobel Luigi Pirandello a fare da set cinematografico le Acciaierie di Terni il polo siderurgico più antico d'Italia 139 anni di storia alle spalle è un ruolo di primo piano nel nostro sviluppo industriale tanto da far arrivare fin qui già agli inizi del secolo scorso anche da Paesi esotici e lontani principi sovrani e capi di Stato la galleria fotografica lungo la scala che conduce alla biblioteca testimonial interesse per quello che all'epoca era il più grande complesso industriale italiano considerato la più bella officina Siderurgica del mondo qui vediamo ai lestersie che sarebbe diventato poi l'imperatore dell'Etiopia e Negus è stato un sito molto visitato Come mai è stato un sito molto visitato perché rappresentava Nuni come in Italia ancora la più grande impresa Siderurgica italiana e quindi Sì sono venuti imperatori sono venute regine re Vittorio Emanuele la l'ultima regina d'Italia Maria josei di Savoia e il Papa Papa Giovanni questa Maestosa biblioteca ha fatto da sfondo a molte scene del film La Caduta degli Dei è nata la fine dell'Ottocento con lo stabilimento con l'acciaieria con una finalità pratica cioè di aggiornare le maestranze tecniche di ingegneri periti sulla modalità di produzione dell'acciaio l'acciaio di altissima qualità per fornire allo stadio italiano materiale bellico meta di studiosi ricercatori la biblioteca e l'archivio dell'acciaieria sono stati riconosciuti dal ministero della cultura beni di valore storico per lo studio economico e sociale dell'Umbria e dell'intero paese l'archivio storico è Lo Scrigno della memoria della acciaieria di Terni Tra l'altro qui vediamo questi modellini estremamente interessanti Questa è la cabina sferica del batiscafo Trieste l'inventore il fisico l'esploratore acuspicard decise di venire a Terni per costruirla serviva per le esplorazioni sottomarine di grande profondità erano i primi degli anni cinquanta fece dei Record ad esempio sulla sulla fossa di Ponza un altro modellino estremamente interessante è questo di che cosa si tratta Questo è il vestel della centrale nucleare del Garigliano vestel e il contenitore del nucleo della centrale tra le cose di interesse qui vediamo il progetto tecnico del Monumento forse più simbolico di Terni che è la Lancia di luce che insomma è opera del maestro pomodoro il maestro che decise di crearla costruirla proprio dentro le officine terranee con i suoi 32 metri di altezza la Lancia di luce svetta nel cielo di Terni Arnaldo Pomodoro ha voluto simboleggiare il progresso e anche il legame dell'acciaieria con la città di Terni Quindi è un Progresso che va avanti attraverso il lavoro e quindi un'idea del Progresso Che punta verso l'alto
Ot4z0xYB7lQ,Terni Amarcord: Quando all'acciaieria vennero fuse 20 milioni delle vecchie lire in moneta,5 years ago,acciaieria,le vecchie lire che sono ormai giunte a fine vita perché vengono reintrodotte le 5 disposizione di nuovi acciai similarmente della stessa classe per dare vita con nuovo prodotto che avranno sul ciclo di vita vedere io porto le mie mani delle monete che sono usciti dai nostri impianti circa 35 anni noi abbiamo prodotto il nastro dal quale è stata stampata questa moneta e ora fatto il suo corso di impiego torna nello stesso sito nello stesso stabilimento per dare nuovo di nuovo vita possibilmente ad una nuova moneta non è il caso perché l'euro già configurata diversamente ma potrebbe rientrare benissimo con nelle nostre famiglie e quindi avere comunque un rapporto chiamiamolo di intimità di vicinanza così come lavoro scusate diventando un coltello nel lavello componente della valigia o altre cose di arredo come verranno più di noi ti verranno immersi usarli come raffreddante all'interno di un convertitore la cui temperatura in questo momento nel momento della giunta è di circa 1.700 gradi e quindi partiranno immediatamente un grande rapidità allo stato liquido che produrranno un abbassamento della temperatura queste aggiunte che noi facciamo tipicamente per una tonnellata di materiale che ne abbiamo tempo aggiungiamo circa 20 milioni di valore di moneta corrente fino a qualche mese fa nella realtà questa tonnellata la rapida ulteriore signora di acciaio sui valori commerciale non è quello dell'amore
sE-sG9HADNc,Thyssenkrupp : Acciaierie Terni  in vendita,7 years ago,acciaieria,[Musica] buonasera dalla redazione di taf channel alla luce delle dichiarazioni rilasciate oggi pomeriggio dai vertici della thyssen krupp ci sarebbe la volontà di procedere alla vendita dell'as di terni di creazioni in una nota congiunta della presidente della regione umbria catiuscia marini e del vicepresidente paparelli in base alla quale viene assolutamente affermata l'intenzione di sollecitare la convocazione urgente di un incontro al ministro al ministero dello sviluppo economico che già è stato chiesto lo stesso ministro carlo calenda come ha ricordato la presidente della giunta regionale catiuscia marini nello scorso mese di settembre quando erano emerse notizie sempre tramite agenzia di stampa relative all'ipotesi di accordo tra la multinazionale tedesca e tata steel per ottenere chiara e prese informazioni da parte della dirigenza di pisa incubo
ZcMcjqwxcoo,"“L’Acciaieria di Terni, la più bella officina siderurgica del mondo”",2 years ago,acciaieria,la domanda è scontata è vero che l'arte determina lo stabilimento siderurgico più bello del mondo venne definito la più bella acciaieria dello stabilimento del mondo da chi lo ha costruito chiaramente eravamo negli anni della seconda rivoluzione industriale l'italia si avviava un percorso di industrializzazione complesso difficile che avrebbe poi trovato in realtà negli anni di giolitti e poi dopo la seconda guerra mondiale insomma il suo grande sviluppo comunque era un acciaieria del tutto particolare insomma perché usava l'acqua laddove possibile si cercava di utilizzare l'acqua al sidera unica limitando l'utilizzo dei combustibili fossili quindi di carbone importato sostituendo i combustibili fossili con la lignite da questo punto di vista dal punto di vista tecnologico in effetti era una eccezionale se vogliamo l'artefice di tutto questo gli artefici sono stati un gruppo di pionieri un gruppo di personaggi incredibili dal ministro brin a cassian bone l'imprenditore belga a vincenzo stefano breve dalla società veneta senso ma il gruppo un gruppo di soggetti che dopo l'unità avviano il nostro paese appunto verso un percorso che poi ha portato oggi ad essere uno dei grandi paesi industriali del mondo oggi ci potrebbe essere qualcuno per fare la stessa affermazione è la sensibilità è cambiata chiaramente rispetto all'industria rispetto ai problemi la complessità delle industrie soprattutto quelle come quella ternana collocata vicino al 100 dal centro città provocano certamente è un impianto di importanza europea o ancora oggi e continua a essere un caso eccezionale perché in fondo una acciaieria co locale e mezzo all'appennino lontano dal mare sempre senza carbone costituisce comunque una eccezionalità sicuramente ancora oggi che adesso si cerca di vita prendere anche la strada degli idrogeno si problema energetico è fondamentale appunto chiaramente la terni all'epoca costruì sistema idroelettrico e nera velino che poi però viene razionalizzato quando venne creata l'enel quindi la dotazione di energia elettrica diventò pubblica anche l'acciaieria era da finsider però insomma ci fu il percorso dell'enel per cui ora terni vennero tolte le centrali elettriche in sostanza con un accordo una convenzione insomma che fino a pochi anni fa avrebbero potuto consumare energia a prezzi non a prezzo di mercato questo contratto insomma si è esaurito e chiaro che ora bisogna ripensare tutto l'aspetto energetico anche in chiave ambientale è una partita del futuro ma lo è sempre stata cioè sempre la questione energia è stata al centro della siderurgia ternana insomma e del passaggio dalla thyssen krupp al gruppo dove di io lo vedo positivamente insomma almeno per quanto dai giornali si può si può capire insomma dalle notizie che ci sono sicuramente la reintroduzione del magnetico almeno al cuore dei ternani va al cuore dei ternani una produzione di acciaio magnetico legata appunto iniziata negli anni venti proprio in relazione allo sviluppo dell'elettrico fidanza un ma in italia quindi io la vedo positivamente
6hRJXR4Rj5g,"Terni e le sue acciaierie, vivere nell'incertezza",4 years ago,acciaieria,[Musica] [Musica] io lavoro lì [Musica] su quel capannone con il bombolone verde sopra durante generazione mia famiglia si lavora quindi a parte ciò a mio padre e mio nonno e ci ha lavorato il nonno di mio nonno parliamo proprio da cinque sei generazioni che la mia famiglia la vera qui dentro le case [Musica] manuele ha 40 anni e lavora nelle acciaierie di terni da quando ne aveva 21 la città è piena di storia come la sua ognuno qui conosce qualcuno che lavora in fabbrica tu hai due città che vivono l'una vicino all'altra in realtà quasi 70 per cento dei salari erogati a terni degli stipendi sono erogati dalla terra [Musica] oggi la cia i speciali terni è di nuovo in crisi dopo due anni di grossi guadagni il bilancio del 2019 si è chiuso in rosso l'amministratore delegato massimiliano borelli è stato chiaro l'azienda va ristrutturata in pochi mesi 300 operai sono finiti in cassa integrazione tra loro c'è anche manuele quando se ne andrà a cui eravamo 4 mila dipendenti adesso ci troviamo a 2 mila 350 siamo quasi dimezzati nel giro di vent'anni pensiamo tutti e siamo destinati un pochino la chiusura ormai sono parecchi anni e si attraversa questa crisi e pensiamo e siamo arrivati alla conclusione [Musica] l'ultima delle crisi nel 2014 si chiuse dopo 40 giorni di sciopero gli scontri tra operai e polizia con 400 licenziamenti di rischia di privare la situazione peggiore di quella del 2014 quell'euro è una fabbrica che sotto al milioni di tonnellate entra in crisi strutturale cioè non è più profittevole quindi è peggiore rispetto al 2014 perché se vengono messi in discussione i minimi produttivi e minime occupazionali e chiaro che quella una realtà che allora già più i nostri due miracoli economici alla cassa integrazione si è cioè ma diciamo non è drammatica del momento in cui si fa una settimana un mese e non è che voglia di farlo per questo è più la preoccupazione di questo stallo e incertezza totale che non sappiamo mai se questo maledetto reparto e chiuderà rimarrà aperto né mentale da vinci se molti hanno paura di perdere il lavoro altrettanti sono preoccupati per la questione inquinamento terni dentro una conca e lontana dal mare finisce spesso sui giornali a causa delle condizioni dell'aria permangono delle criticità è ovvio legate proprio a questi tipi di inquinanti cioè ai metalli nelle polveri perché perché c'è un acciaieria che è la più grossa d'europa di acciai speciali [Musica] i livelli di inquinamento non sono peggiorati sono migliorati negli ultimi 10 20 anni ok per cui bisogna lavorare molto su quello che è la comunicazione e la percezione reale oggettiva del dato ambientale un dato fondamentale è il dato sul nichel il dato sul nick e negli ultimi tre anni è in discesa è mica il tracciante dell'acciaieria [Musica] terni è l'acciaieria e l'acciaieria e terni l'azienda produce due terzi del pil comunale e rappresenta il primo esportatore dell'umbria la chiusura della fabbrica avrebbe un solo risultato la morsa della città la città non ha al suo interno capacità di inventare una cosa diversa il che significa che sarà terry dovesse chiudere sostanzialmente cioè cinque militari in meno sono molto legato a questa città fondamentalmente anch'essa fabbrica benché mi fa rabbia tanto e poi devo fare spira vanta schifezza tutti i giorni tra ormai il lavoro mio da 20 anni parte della storia della città mia parte la famiglia mia quindi cerco sempre a difenderlo con le unghie e coi denti [Musica]
Xx8MAeRnhjg,"Acciaieria di Terni, Re David (Fiom): «Rivendichiamo piano industriale»",5 years ago,acciaieria,[Risate] francesca redavid segretario nazionale fiom cgil a terni per l'elezione del segretario provinciale un mese dopo la sua ultima visita in asta le chiede alla luce di quello che ha detto l'amministratore delegato burelli pochi giorni fa sulla crisi di liquidità della thyssengroup e sul fatto che essa debba fare la sua parte ecco qual è la situazione e le prospettive soprattutto per il settore dei metalmeccanici ternani io credo che i metalmeccanici ternani esite ruhr gct organi e la loro parte l'hanno fatta ampliamente hanno fatto degli accordi complessi che sono stati faticosi e che adesso meritano il rispetto e io credo che i beta al meccanici ternani e lavoratori dell'ast da tempo aspettano un piano industriale che guardi un po al futuro e se thiessen ha dei problemi faccia chiarezza sui problemi che assiste senza pensare di scaricarli a chi dà ricchezza anche a quell'azienda noi rivendichiamo un piano industriale di ampio respiro da tempo c'è un problema che riguarda naturalmente la siderurgia ma la siderurgia e un settore ciclico per eccellenza le grandi imprese lo sanno bene e sanno bene qual è il mercato mondiale che tra l'altro in ripresa da questo punto da questo punto di vista io credo che il tema se lo abbia la chi sta nel suo insieme e che non possa pensare che ha stabilito il termine la sua parte appunto l'ha fatta da ogni punto di vista [Risate]
CbwNtnEmS7Y,Terni Acciaieria: Operai mettono il casco alla Madonna di Orte,10 years ago,acciaieria,NA
